{
	"microwave": {
		"base": [
			1.0,
			0.3607843137254902,
			0.3607843137254902
		],
		"part1": [
			0.3607843137254902,
			1.0,
			0.3607843137254902
		]
	},
	"gasstove": {
		"base": [
			0.3607843137254902,
			0.3607843137254902,
			1.0
		],
		"part1": [
			1.0,
			1.0,
			0.3607843137254902
		],
		"part2": [
			1.0,
			0.3607843137254902,
			1.0
		]
	},
	"sink": {
		"base": [
			0.3607843137254902,
			1.0,
			1.0
		],
		"part1": [
			1.0,
			0.6705882352941176,
			0.3607843137254902
		],
		"part2": [
			0.6705882352941176,
			1.0,
			0.3607843137254902
		]
	},
	"bookshelf": {
		"base": [
			0.3607843137254902,
			0.6705882352941176,
			1.0
		]
	},
	"diningtable": {
		"base": [
			1.0,
			1.0,
			0.6705882352941176
		]
	},
	"washingmachine": {
		"base": [
			1.0,
			0.3607843137254902,
			1.0
		],
		"part1": [
			0.3607843137254902,
			1.0,
			1.0
		]
	},
	"desk": {
		"base": [
			1.0,
			0.7764705882352941,
			0.7764705882352941
		]
	},
	"refrigerator": {
		"base": [
			0.7764705882352941,
			1.0,
			0.7764705882352941
		],
		"part1": [
			0.7764705882352941,
			0.7764705882352941,
			1.0
		],
		"part2": [
			1.0,
			0.8,
			0.8
		]
	},
	"cup": {
		"base": [
			0.8, 
			1, 
			0.8
		]
	},
	"pot": {
		"base": [
			0.8,
			0.8,
			1.0
		]
	},
	"potlid": {
		"base": [
			1.0,
			1.0,
			0.8
		]
	},
	"kettle": {
		"base": [
			1.0,
			0.8,
			1.0
		]
	},
	"kettlelid": {
		"base": [
			0.8,
			1.0,
			1.0
		]
	},
	"salt": {
		"base": [
			1.0,
			0.8392156862745098,
			0.3607843137254902
		]
	},
	"chair": {
		"base": [
			0.3607843137254902,
			1.0,
			0.8392156862745098
		]
	},
	"pan": {
		"base": [
			0.8392156862745098,
			0.3607843137254902,
			1.0
		]
	},
	"trashbin": {
		"base": [
			1.0,
			0.8392156862745098,
			0.3607843137254902
		],
		"part1": [
			0.3607843137254902,
			1.0,
			0.3607843137254902
		]
	},
	"book": {
		"base": [
			0.3607843137254902,
			0.3607843137254902,
			1.0
		]
	},
	"cuttingboard": {
		"base": [
			1.0,
			1.0,
			0.3607843137254902
		]
	},
	"glasses": {
		"base": [
			1.0,
			0.3607843137254902,
			0.3607843137254902
		],
		"part1": [
			0.3607843137254902,
			1.0,
			1.0
		],
		"part2": [
			1.0,
			0.3607843137254902,
			1.0
		]
	},
	"laptop": {
		"base": [
			0.3607843137254902,
			1.0,
			0.3607843137254902
		],
		"part1": [
			0.3607843137254902,
			0.3607843137254902,
			1.0
		]
	},
	"drawer": {
		"base": [
			1.0,
			0.8392156862745098,
			0.3607843137254902
		],
		"part1": [
			0.8392156862745098,
			1.0,
			0.3607843137254902
		],
		"part2": [
			0.3607843137254902,
			0.8392156862745098,
			1.0
		]
	},
	"floor": {
		"base": [
			1.0,
			0.3607843137254902,
			0.3607843137254902
		]
	},
	"bowl": {
		"base": [
			0.3607843137254902,
			1.0,
			0.8392156862745098
		]
	},
	"knife": {
		"base": [
			0.8392156862745098,
			0.3607843137254902,
			1.0
		]
	},
	"deskchair": {
		"base": [
			1.0,
			0.3607843137254902,
			0.3607843137254902
		]
	},
	"hand": {
		"base": [
			0.3607843137254902,
			1.0,
			0.8392156862745098
		]
	},
	"hand_left": {
		"base": [
			0.3607843137254902,
			1.0,
			0.8392156862745098
		]
	},
	"hand_right": {
		"base": [
			0.3607843137254902,
			1.0,
			0.8392156862745098
		]
	},
	"body": {
		"base": [
			0.5,
			0.5,
			0.5
		]
	}
}